{
    "batch_size": 512,
    "grad_clip": 100,
    "learning_rate": 0.005507857816945597,
    "momentum": 0.8629634631165919,
    "optim": "RMSprop",
    "weight_decay": 1.2225101217054248e-08
}