{
    "batch_size": 512,
    "grad_clip": 100,
    "learning_rate": 0.00829052373794413,
    "momentum": 0.9485444016956512,
    "optim": "RMSprop",
    "weight_decay": 3.170548759667369e-09
}