{
    "batch_size": 512,
    "grad_clip": 100,
    "learning_rate": 0.0003787332127147911,
    "momentum": 0.9173250943170628,
    "optim": "RMSprop",
    "weight_decay": 2.7752743003294754e-06
}