{
    "batch_size": 512,
    "grad_clip": 100,
    "learning_rate": 0.0007386709108140044,
    "momentum": 0.9295807528416108,
    "optim": "RMSprop",
    "weight_decay": 1.2415065128755988e-09
}