{
    "batch_size": 512,
    "grad_clip": 100,
    "learning_rate": 0.0017601553025906628,
    "momentum": 0.9080116023516916,
    "optim": "RMSprop",
    "weight_decay": 2.3631294441038615e-07
}