{
    "batch_size": 512,
    "grad_clip": 100,
    "learning_rate": 0.0005530813109207906,
    "momentum": 0.8589806494888298,
    "optim": "RMSprop",
    "weight_decay": 2.8997502653706918e-06
}