{
    "batch_size": 512,
    "grad_clip": 100,
    "learning_rate": 0.0002294801525437915,
    "momentum": 0.9448168627473797,
    "optim": "RMSprop",
    "weight_decay": 2.0662908300192233e-09
}