{
    "batch_size": 1024,
    "grad_clip": 100,
    "learning_rate": 0.002703775308746304,
    "momentum": 0.9093397067981451,
    "optim": "RMSprop",
    "weight_decay": 1.0763811178123368e-06
}