{
    "batch_size": 1024,
    "grad_clip": 100,
    "learning_rate": 0.013295934682537775,
    "momentum": 0.9821767651284589,
    "optim": "RMSprop",
    "weight_decay": 1.09967494264763e-06
}