{
    "batch_size": 512,
    "grad_clip": 100,
    "learning_rate": 0.00015729047592561463,
    "momentum": 0.8685482688661176,
    "optim": "RMSprop",
    "weight_decay": 1.84984742314822e-09
}