{
    "batch_size": 1024,
    "grad_clip": 100,
    "learning_rate": 0.005221445366265723,
    "momentum": 0.8554862909156049,
    "optim": "RMSprop",
    "weight_decay": 2.5943873188938755e-08
}