{
    "batch_size": 1024,
    "grad_clip": 100,
    "learning_rate": 0.012453966234473434,
    "momentum": 0.921255654493382,
    "optim": "RMSprop",
    "weight_decay": 3.8336703862255305e-05
}