{
    "batch_size": 512,
    "grad_clip": 100,
    "learning_rate": 0.0004068405926142896,
    "momentum": 0.8705018467820757,
    "optim": "RMSprop",
    "weight_decay": 7.048424134958726e-07
}