{
    "batch_size": 1024,
    "grad_clip": 100,
    "learning_rate": 0.00348043937736182,
    "momentum": 0.8619413792202181,
    "optim": "RMSprop",
    "weight_decay": 1.914659996584599e-09
}