{
    "batch_size": 512,
    "grad_clip": 100,
    "learning_rate": 0.002259676593149631,
    "momentum": 0.9100276181324073,
    "optim": "RMSprop",
    "weight_decay": 4.757407151830431e-09
}