{
    "batch_size": 1024,
    "grad_clip": 100,
    "learning_rate": 3.940186589950906e-05,
    "momentum": 0.8730571819097077,
    "optim": "RMSprop",
    "weight_decay": 1.2805366342410185e-06
}