{
    "batch_size": 1024,
    "grad_clip": 100,
    "learning_rate": 0.010642073130673876,
    "momentum": 0.9406043796262578,
    "optim": "RMSprop",
    "weight_decay": 1.6103882606456045e-05
}