{
    "batch_size": 1024,
    "grad_clip": 100,
    "learning_rate": 0.00029863567482393117,
    "momentum": 0.8553795597061828,
    "optim": "RMSprop",
    "weight_decay": 1.4837826542888366e-06
}