{
    "batch_size": 1024,
    "grad_clip": 100,
    "learning_rate": 0.001220913115913727,
    "momentum": 0.9295262385531505,
    "optim": "RMSprop",
    "weight_decay": 4.246031301768209e-05
}