{
    "batch_size": 512,
    "grad_clip": 100,
    "learning_rate": 0.007899648400909814,
    "momentum": 0.9382627111613507,
    "optim": "RMSprop",
    "weight_decay": 2.3520136243777336e-05
}