{
    "batch_size": 1024,
    "grad_clip": 100,
    "learning_rate": 0.0008135730759055746,
    "momentum": 0.9502504343720101,
    "optim": "RMSprop",
    "weight_decay": 2.7539434733967848e-08
}