{
    "batch_size": 1024,
    "grad_clip": 100,
    "learning_rate": 0.00037828075850056405,
    "momentum": 0.9059298474442526,
    "optim": "RMSprop",
    "weight_decay": 3.229641965790435e-08
}