{
    "batch_size": 512,
    "grad_clip": 100,
    "learning_rate": 0.005763798902976499,
    "momentum": 0.8505667348915796,
    "optim": "RMSprop",
    "weight_decay": 2.2253440758814385e-08
}