{
    "batch_size": 512,
    "grad_clip": 100,
    "learning_rate": 0.013120547756568485,
    "momentum": 0.888295884874189,
    "optim": "RMSprop",
    "weight_decay": 9.777642847983138e-06
}