{
    "batch_size": 1024,
    "grad_clip": 100,
    "learning_rate": 0.0026288334002068916,
    "momentum": 0.8700694602372665,
    "optim": "RMSprop",
    "weight_decay": 5.288647060971083e-05
}