{
    "batch_size": 512,
    "grad_clip": 100,
    "learning_rate": 0.0014545454805206942,
    "momentum": 0.8797346698446432,
    "optim": "RMSprop",
    "weight_decay": 1.2948400442372906e-08
}