{
    "batch_size": 1024,
    "grad_clip": 100,
    "learning_rate": 0.0018424480667517268,
    "momentum": 0.9423535776897178,
    "optim": "RMSprop",
    "weight_decay": 4.634802895219102e-07
}