{
    "batch_size": 1024,
    "grad_clip": 100,
    "learning_rate": 0.021533626202116157,
    "momentum": 0.9535371113069002,
    "optim": "RMSprop",
    "weight_decay": 2.833309665000563e-07
}