{
    "batch_size": 1024,
    "grad_clip": 100,
    "learning_rate": 7.277311643791175e-05,
    "momentum": 0.9872979543633627,
    "optim": "RMSprop",
    "weight_decay": 1.0730067769328994e-07
}