{
    "batch_size": 1024,
    "grad_clip": 100,
    "learning_rate": 0.00010841816386378844,
    "momentum": 0.8597802624275084,
    "optim": "RMSprop",
    "weight_decay": 1.1179975555431936e-09
}