{
    "batch_size": 512,
    "grad_clip": 100,
    "learning_rate": 4.678847949308488e-05,
    "momentum": 0.8881718812412158,
    "optim": "RMSprop",
    "weight_decay": 2.4452630570839866e-07
}