{
    "batch_size": 1024,
    "grad_clip": 100,
    "learning_rate": 8.390574826975737e-05,
    "momentum": 0.8636163897888444,
    "optim": "RMSprop",
    "weight_decay": 8.321683742303269e-05
}