{
    "batch_size": 512,
    "grad_clip": 100,
    "learning_rate": 6.184489085106273e-05,
    "momentum": 0.9673122870498325,
    "optim": "RMSprop",
    "weight_decay": 3.02337515214721e-09
}