{
    "batch_size": 512,
    "grad_clip": 100,
    "learning_rate": 0.0007262573383317979,
    "momentum": 0.9251210895552211,
    "optim": "RMSprop",
    "weight_decay": 3.0433819827354026e-05
}