{
    "batch_size": 512,
    "grad_clip": 100,
    "learning_rate": 0.02356961925576996,
    "momentum": 0.9160452199249921,
    "optim": "RMSprop",
    "weight_decay": 3.613425335660933e-06
}