{
    "batch_size": 1024,
    "grad_clip": 100,
    "learning_rate": 0.0008100121798913617,
    "momentum": 0.9138420472505014,
    "optim": "RMSprop",
    "weight_decay": 3.404790819729571e-05
}