{
    "batch_size": 1024,
    "grad_clip": 100,
    "learning_rate": 0.013909438266372939,
    "momentum": 0.9313782021690202,
    "optim": "RMSprop",
    "weight_decay": 2.562576323719959e-05
}