{
    "batch_size": 1024,
    "grad_clip": 100,
    "learning_rate": 0.0005901526994794084,
    "momentum": 0.9404251758293318,
    "optim": "RMSprop",
    "weight_decay": 1.5414734761917102e-07
}